26/27 syllabus,,,,,,,,,,,,,,,,,,,,,,,,,,,,,,,,,,,,,,,,,,,,,,,,,,,,
,Group 1 ,,,,,,,,Group 2,,,,,,,,,,,,,Group 3,,,,,,,,,,,Group 4,,,,,,,,Group 5,,,Group 6,,,,,,DP Core,,
,English A: Literature (SL/HL),English A: Language and Literature (SL/HL),Literature and Performance (SL only),Spanish A: Language and Literature (SL/HL),French A: Language and Literature (SL/HL),Arabic A: Language and Literature (SL/HL),Mandarin A: Language and Literature (SL/HL),,Spanish B (SL/HL) ,Spanish ab initio (SL),French B (SL/HL) ,French ab initio (SL),Arabic B (SL/HL) ,Arabic ab initio (SL),English B (SL/HL) ,English ab initio (SL),Mandarin B (SL/HL),Mandarin ab initio (SL),Classical Languages: Latin (SL/HL),Classical Languages: Classical Greek (SL/HL),,Business Management (SL/HL),Digital Society (SL/HL),Economics (SL/HL),Geography (SL/HL),Global Politics (SL/HL),History (SL/HL),Philosophy (SL/HL),Psychology (SL/HL),Social and Cultural Anthropology (SL/HL),World Religions (SL only),,Biology (SL/HL),Chemistry (SL/HL),Physics (SL/HL),Computer Science (SL/HL),Environmental Systems and Societies (SL/HL),"Sports, Exercise, and Health Science (SL/HL)",Design Technology (SL/HL),,Mathematics: Analysis and Approaches (SL/HL),Mathematics: Applications and Interpretation (SL/HL),,Dance (SL/HL),Film (SL/HL),Music (SL/HL),Theatre (SL/HL),Visual Arts (SL/HL),,Theory of Knowledge (TOK),Extended Essay (EE),"Creativity, Activity, Service (CAS)"
,"Topic 1 - Readers, Writers and Texts","Topic 1 - Readers, Writers and Texts","Topic 1 - Readers, Writers and Texts","Topic 1 - Readers, Writers and Texts","Topic 1 - Readers, Writers and Texts","Topic 1 - Readers, Writers and Texts","Topic 1 - Readers, Writers and Texts",,Topic 1 - Identities,Topic 1 - Identities,Topic 1 - Identities,Topic 1 - Identities,Topic 1 - Identities,Topic 1 - Identities,Topic 1 - Identities,Topic 1 - Identities,Topic 1 - Identities,Topic 1 - Identities,Topic 1 - Translation and Comprehension,Topic 1 - Study of the Language,,Topic 1 - Business organisation and environment,Topic 1 - An introduction to Digital Society,Topic 1 - Introduction to economics,Topic 1 - Population and Development,"Topic 1 - Power, sovereignty and international relations",Topic 1 - Prescribed subjects,Topic 1 - Core themes,Topic 1 - Biological approach to understanding behaviour,Topic 1 - Introduction to anthropology,Topic 1 - Introduction to world religions,,Topic 1 - Cell biology,Topic 1 - Stoichiometric relationships,"Topic 1 - Space, time and motion",Topic 1 - Computer fundamentals,Topic 1 - Foundations of environmental systems and societies,Topic 1 - Anatomy,Topic 1 - Human factors and ergonomics,,Topic 1 - Number and algebra,Topic 1 - Number and algebra,,Topic 1 - Dance in global context,Topic 1 - Film language and concepts,Topic 1 - Exploring music in context,Topic 1 - Theatre in context,Topic 1 - Visual arts in context,,,,
,subtopic 1.1 - How texts are shaped by their authors,subtopic 1.1 - Close analysis of language and literary techniques,subtopic 1.1 - Close analysis of literary texts and performance elements,subtopic 1.1 - How texts are shaped by their authors,subtopic 1.1 - How texts are shaped by their authors,subtopic 1.1 - How texts are shaped by their authors,subtopic 1.1 - How texts are shaped by their authors,,subtopic 1.1 - Personal attributes and relationships,subtopic 1.1 - Personal information and background,subtopic 1.1 - Personal attributes and relationships,subtopic 1.1 - Personal information and background,subtopic 1.1 - Personal attributes and relationships,subtopic 1.1 - Personal information and background,subtopic 1.1 - Personal attributes and relationships,subtopic 1.1 - Personal information and background,subtopic 1.1 - Personal attributes and relationships,subtopic 1.1 - Personal information and background,subtopic 1.1 - Unseen Latin passage translation,subtopic 1.1 - Unseen translation and comprehension,,subtopic 1.1 - Nature of business activity,subtopic 1.1 - Digital technologies and social change,"subtopic 1.1 - Scarcity, choice and opportunity cost",subtopic 1.1 - Population distribution and change,subtopic 1.1 - Power in global politics,subtopic 1.1 - Rights and protest,subtopic 1.1 - What is a human being?,subtopic 1.1 - Brain and behaviour,subtopic 1.1 - What is anthropology?,subtopic 1.1 - What is religion?,,subtopic 1.1 - Cell theory,"subtopic 1.1 - Relative atomic mass, relative molecular mass and molar mass",subtopic 1.1 - Measurement and uncertainties,subtopic 1.1 - Hardware and software,subtopic 1.1 - Environmental systems and societies,subtopic 1.1 - Skeletal system,subtopic 1.1 - Anthropometrics,,subtopic 1.1 - Number,subtopic 1.1 - Number and sets,,subtopic 1.1 - Dance as a body of knowledge,subtopic 1.1 - Film as a medium,subtopic 1.1 - Musical perception and expression,subtopic 1.1 - Theatre as a human activity,subtopic 1.1 - Introduction to visual arts,,,,
,subtopic 1.2 - How texts are read and interpreted by audiences,"subtopic 1.2 - How texts are constructed by authors (form, structure, style)","subtopic 1.2 - How texts are constructed by authors (form, structure, style)",subtopic 1.2 - How texts are read and interpreted by audiences,subtopic 1.2 - How texts are read and interpreted by audiences,subtopic 1.2 - How texts are read and interpreted by audiences,subtopic 1.2 - How texts are read and interpreted by audiences,,"subtopic 1.2 - Beliefs, values and opinions",subtopic 1.2 - Family and relationships,"subtopic 1.2 - Beliefs, values and opinions",subtopic 1.2 - Family and relationships,"subtopic 1.2 - Beliefs, values and opinions",subtopic 1.2 - Family and relationships,"subtopic 1.2 - Beliefs, values and opinions",subtopic 1.2 - Family and relationships,"subtopic 1.2 - Beliefs, values and opinions",subtopic 1.2 - Family and relationships,subtopic 1.2 - Reading for meaning and syntax,"subtopic 1.2 - Grammar, syntax and vocabulary",,subtopic 1.2 - Types of business organisations,subtopic 1.2 - Key concepts in Digital Society,subtopic 1.2 - Resource allocation and efficiency,subtopic 1.2 - Demographic transition,subtopic 1.2 - Sovereignty,subtopic 1.2 - The move to global war,subtopic 1.2 - What counts as knowledge?,subtopic 1.2 - Neurotransmission,subtopic 1.2 - Culture and society,"subtopic 1.2 - Belief, practice and community",,subtopic 1.2 - Cell structure,subtopic 1.2 - The mole and Avogadro’s constant,subtopic 1.2 - Kinematics,subtopic 1.2 - Number representation,subtopic 1.2 - Systems approach,subtopic 1.2 - Muscular system,subtopic 1.2 - Ergonomics,,subtopic 1.2 - Sequences and series,subtopic 1.2 - Sequences and series,,subtopic 1.2 - Personal and cultural identity,subtopic 1.2 - Film language,subtopic 1.2 - Music in local and global contexts,subtopic 1.2 - Theatre in cultural and historical contexts,"subtopic 1.2 - Art, culture and identity",,,,
,"subtopic 1.3 - Literary features and techniques (e.g., imagery, narration, symbolism)","subtopic 1.3 - How readers interpret texts (audience, purpose, interpretation)","subtopic 1.3 - How texts are interpreted in performance (audience, interpretation)","subtopic 1.3 - Literary features and techniques (e.g., imagery, narration, symbolism)","subtopic 1.3 - Literary features and techniques (e.g., imagery, narration, symbolism)","subtopic 1.3 - Literary features and techniques (e.g., imagery, narration, symbolism)","subtopic 1.3 - Literary features and techniques (e.g., imagery, narration, symbolism)",,subtopic 1.3 - Personal experiences and life stages,subtopic 1.3 - Appearance and personality,subtopic 1.3 - Personal experiences and life stages,subtopic 1.3 - Appearance and personality,subtopic 1.3 - Personal experiences and life stages,subtopic 1.3 - Appearance and personality,subtopic 1.3 - Personal experiences and life stages,subtopic 1.3 - Appearance and personality,subtopic 1.3 - Personal experiences and life stages,subtopic 1.3 - Appearance and personality,subtopic 1.3 - Grammatical accuracy and idiom,subtopic 1.3 - Reading for meaning and context,,subtopic 1.3 - Business objectives,subtopic 1.3 - Interdisciplinary approaches to digital issues,subtopic 1.3 - Economic well-being and sustainability,"subtopic 1.3 - Fertility, mortality and migration",subtopic 1.3 - Legitimacy and authority,subtopic 1.3 - Authoritarian states,subtopic 1.3 - What is the basis of moral judgment?,subtopic 1.3 - Hormones and behaviour,subtopic 1.3 - Fieldwork and ethnography,subtopic 1.3 - Sacred texts and authority,,subtopic 1.3 - Membranes and transport,subtopic 1.3 - Reacting masses and empirical formulae,subtopic 1.3 - Forces and dynamics,subtopic 1.3 - Data structures,subtopic 1.3 - Energy and equilibria,subtopic 1.3 - Respiratory system,subtopic 1.3 - User-centered design,,subtopic 1.3 - Exponents and logarithms,subtopic 1.3 - Financial mathematics,,subtopic 1.3 - Dance and society,subtopic 1.3 - Narrative and meaning,subtopic 1.3 - Music for sociocultural and ideological expression,subtopic 1.3 - Theatre and performance traditions,subtopic 1.3 - The role of artists in society,,,,
,subtopic 1.4 - Genre conventions and expectations,subtopic 1.4 - Text types and genres (literary and non-literary),subtopic 1.4 - The relationship between text and performance,subtopic 1.4 - Genre conventions and expectations,subtopic 1.4 - Genre conventions and expectations,subtopic 1.4 - Genre conventions and expectations,subtopic 1.4 - Genre conventions and expectations,,subtopic 1.4 - Cultural identity and heritage,subtopic 1.4 - Daily life and routines,subtopic 1.4 - Cultural identity and heritage,subtopic 1.4 - Daily life and routines,subtopic 1.4 - Cultural identity and heritage,subtopic 1.4 - Daily life and routines,subtopic 1.4 - Cultural identity and heritage,subtopic 1.4 - Daily life and routines,subtopic 1.4 - Cultural identity and heritage,subtopic 1.4 - Daily life and routines,subtopic 1.4 - Vocabulary and morphology,subtopic 1.4 - Accuracy and fluency in translation,,subtopic 1.4 - Stakeholders,"subtopic 1.4 - Ethical, social and political dimensions of digital society",subtopic 1.4 - Positive and normative economics,subtopic 1.4 - Population structure and policies,subtopic 1.4 - Peace and conflict,subtopic 1.4 - Military leaders and war,subtopic 1.4 - What is it to live a good life?,subtopic 1.4 - Genes and behaviour,subtopic 1.4 - Comparison and interpretation,subtopic 1.4 - Ritual and symbol,,subtopic 1.4 - Origin of cells,subtopic 1.4 - Limiting reactants and percentage yield,"subtopic 1.4 - Work, energy and power",subtopic 1.4 - Operating systems,subtopic 1.4 - Sustainability,subtopic 1.4 - Cardiovascular system,subtopic 1.4 - Accessibility and inclusivity,,subtopic 1.4 - Algebraic expressions,subtopic 1.4 - Algebraic thinking,,subtopic 1.4 - Aesthetics and appreciation of dance,subtopic 1.4 - Genre and style,"subtopic 1.4 - Music for dramatic impact, movement and entertainment",subtopic 1.4 - Theatre and society,subtopic 1.4 - Historical and contemporary contexts,,,,
,Topic 2 - Time and Space,Topic 2 - Time and Space,Topic 2 - Time and Space,Topic 2 - Time and Space,Topic 2 - Time and Space,Topic 2 - Time and Space,Topic 2 - Time and Space,,subtopic 1.5 - Language and identity,subtopic 1.5 - Interests and leisure,subtopic 1.5 - Language and identity,subtopic 1.5 - Interests and leisure,subtopic 1.5 - Language and identity,subtopic 1.5 - Interests and leisure,subtopic 1.5 - Language and identity,subtopic 1.5 - Interests and leisure,subtopic 1.5 - Language and identity,subtopic 1.5 - Interests and leisure,subtopic 1.5 - Contextual understanding of the passage,subtopic 1.5 - Textual interpretation,,subtopic 1.5 - External environment,subtopic 1.5 - The role of data and information in society,Topic 2 - Microeconomics,subtopic 1.5 - Development indicators and disparities,subtopic 1.5 - Cooperation and integration,subtopic 1.5 - The Cold War,subtopic 1.5 - What is the role of politics and society?,subtopic 1.5 - Evolutionary explanations of behaviour,subtopic 1.5 - Anthropological perspectives,subtopic 1.5 - Religion in society,,subtopic 1.5 - Microscopy,subtopic 1.5 - Solution concentration and titration,subtopic 1.5 - Circular motion and gravitation,subtopic 1.5 - Network fundamentals,subtopic 1.5 - Human population dynamics,subtopic 1.5 - Nervous system,subtopic 1.5 - HL extension: more detailed human factors analysis (HL only),,subtopic 1.5 - Equations and inequalities,subtopic 1.5 - Euclidean and non-Euclidean geometry,,subtopic 1.5 - Dance in relation to time and space,subtopic 1.5 - Audience and context,subtopic 1.5 - Music for political and civic expression,subtopic 1.5 - Theatre and identity,subtopic 1.5 - Curating and exhibiting art,,,,
,subtopic 2.1 - Historical and cultural contexts of texts,subtopic 2.1 - Historical and cultural contexts of production,subtopic 2.1 - Historical and cultural contexts of literary texts,subtopic 2.1 - Historical and cultural contexts of texts,subtopic 2.1 - Historical and cultural contexts of texts,subtopic 2.1 - Historical and cultural contexts of texts,subtopic 2.1 - Historical and cultural contexts of texts,,subtopic 1.6 - More detailed and abstract discussion of identity and perspective (HL only),Topic 2 - Experiences,subtopic 1.6 - More detailed and abstract discussion of identity and perspective (HL only),Topic 2 - Experiences,subtopic 1.6 - More detailed and abstract discussion of identity and perspective (HL only),Topic 2 - Experiences,subtopic 1.6 - More detailed and abstract discussion of identity and perspective (HL only),Topic 2 - Experiences,subtopic 1.6 - More detailed and abstract discussion of identity and perspective (HL only),Topic 2 - Experiences,Topic 2 - Core Latin Texts,Topic 2 - Prescribed Author,,Topic 2 - Human resource management,subtopic 1.6 - Deeper comparative analysis of digital issues (HL only),subtopic 2.1 - Demand,subtopic 1.6 - More complex evaluation of population and development issues (HL only),subtopic 1.6 - Human rights and justice,Topic 2 - World history topics,subtopic 1.6 - What is the nature of reality?,Topic 2 - Cognitive approach to understanding behaviour,Topic 2 - Social organization,Topic 2 - Hinduism,,subtopic 1.6 - Membrane transport proteins and active transport (HL only),Topic 2 - Atomic structure,subtopic 1.6 - Simple harmonic motion (HL only),"Topic 2 - Computational thinking, problem-solving and programming",subtopic 1.6 - Resource use and security,Topic 2 - Exercise physiology,Topic 2 - Resource management and sustainable development,,subtopic 1.6 - Proof by induction (HL only),subtopic 1.6 - Proof by induction (HL only),,subtopic 1.6 - Dance as communication,subtopic 1.6 - Film analysis,subtopic 1.6 - Music and technology,subtopic 1.6 - Theatre in the making,subtopic 1.6 - Art criticism and interpretation,,,,
,subtopic 2.2 - Place and setting in literature,subtopic 2.2 - Reception contexts (how time/culture shapes meaning),subtopic 2.2 - Historical and cultural contexts of performance,subtopic 2.2 - Place and setting in literature,subtopic 2.2 - Place and setting in literature,subtopic 2.2 - Place and setting in literature,subtopic 2.2 - Place and setting in literature,,Topic 2 - Experiences,subtopic 2.1 - School and study,Topic 2 - Experiences,subtopic 2.1 - School and study,Topic 2 - Experiences,subtopic 2.1 - School and study,Topic 2 - Experiences,subtopic 2.1 - School and study,Topic 2 - Experiences,subtopic 2.1 - School and study,subtopic 2.1 - Study of prescribed core authors,subtopic 2.1 - Study of a prescribed Greek author,,subtopic 2.1 - Functions and evolution of human resource management,Topic 2 - Power and inequality in the digital age,subtopic 2.2 - Supply,Topic 2 - Global Climate,subtopic 1.7 - Global governance,subtopic 2.1 - Societies in transition,Topic 2 - Philosophical analysis and argument,subtopic 2.1 - Schema theory,subtopic 2.1 - Kinship and family,subtopic 2.1 - Origins and development,,subtopic 1.7 - Cell specialization and stem cells (HL only),subtopic 2.1 - The atom and subatomic particles,"subtopic 1.7 - Thermal energy, processes and the laws of thermodynamics (HL only)",subtopic 2.1 - Algorithms and pseudocode,Topic 2 - Ecosystems and ecology,subtopic 2.1 - Energy systems,subtopic 2.1 - Natural and synthetic materials,,subtopic 1.7 - Complex numbers (HL only),Topic 2 - Functions,,subtopic 1.7 - Extended study of dance in global context (HL only),subtopic 1.7 - Further film analysis and theory (HL only),subtopic 1.7 - Further exploration of musical context (HL only),subtopic 1.7 - Deeper theatre in context (HL only),subtopic 1.7 - Deeper exploration of visual arts in context (HL only),,,,
,"subtopic 2.3 - Representation of time, chronology and memory","subtopic 2.3 - Place, setting and representation of location","subtopic 2.3 - Place, setting and representation of location in text and performance","subtopic 2.3 - Representation of time, chronology and memory","subtopic 2.3 - Representation of time, chronology and memory","subtopic 2.3 - Representation of time, chronology and memory","subtopic 2.3 - Representation of time, chronology and memory",,subtopic 2.1 - Daily routine and lifestyle,subtopic 2.2 - Past events and experiences,subtopic 2.1 - Daily routine and lifestyle,subtopic 2.2 - Past events and experiences,subtopic 2.1 - Daily routine and lifestyle,subtopic 2.2 - Past events and experiences,subtopic 2.1 - Daily routine and lifestyle,subtopic 2.2 - Past events and experiences,subtopic 2.1 - Daily routine and lifestyle,subtopic 2.2 - Past events and experiences,subtopic 2.2 - Literary features and stylistic analysis,subtopic 2.2 - Literary style and technique,,subtopic 2.2 - Organisational structure,subtopic 2.1 - Digital divides and access,subtopic 2.3 - Market equilibrium,subtopic 2.1 - Climate systems and change,"subtopic 1.8 - HL depth: more complex analysis of theories, institutions and cases (HL only)",subtopic 2.2 - Causes and effects of wars,subtopic 2.1 - Identifying philosophical issues,subtopic 2.2 - Memory processes,subtopic 2.2 - Marriage and descent,subtopic 2.2 - Core beliefs and concepts,,Topic 2 - Molecular biology,subtopic 2.2 - Electron arrangement,Topic 2 - The particulate nature of matter,subtopic 2.2 - Program design and development,"subtopic 2.1 - Species, populations and communities",subtopic 2.2 - Movement analysis,subtopic 2.2 - Environmental impact,,subtopic 1.8 - Further algebraic methods (HL only),subtopic 2.1 - Functions and graphs,,Topic 2 - Performance and choreography,Topic 2 - Film production roles and processes,Topic 2 - Creating music,Topic 2 - Theatre processes and production,Topic 2 - Visual arts methods and techniques,,,,
,subtopic 2.4 - How literature reflects and shapes societies and values,subtopic 2.4 - How literature and language reflect/shape societies and values,subtopic 2.4 - How literature and performance reflect/shape societies and values,subtopic 2.4 - How literature reflects and shapes societies and values,subtopic 2.4 - How literature reflects and shapes societies and values,subtopic 2.4 - How literature reflects and shapes societies and values,subtopic 2.4 - How literature reflects and shapes societies and values,,"subtopic 2.2 - Leisure, hobbies and interests",subtopic 2.3 - Travel and holidays,"subtopic 2.2 - Leisure, hobbies and interests",subtopic 2.3 - Travel and holidays,"subtopic 2.2 - Leisure, hobbies and interests",subtopic 2.3 - Travel and holidays,"subtopic 2.2 - Leisure, hobbies and interests",subtopic 2.3 - Travel and holidays,"subtopic 2.2 - Leisure, hobbies and interests",subtopic 2.3 - Travel and holidays,subtopic 2.3 - Rhetorical and poetic techniques,subtopic 2.3 - Themes and ideas in the text,,subtopic 2.3 - Leadership and management,"subtopic 2.2 - Power, surveillance and control",subtopic 2.4 - Elasticity,subtopic 2.2 - Weather and climate patterns,Topic 2 - Human rights,subtopic 2.3 - The emergence and development of single-party states,subtopic 2.2 - Constructing arguments,"subtopic 2.3 - Thinking, decision-making and biases",subtopic 2.3 - Political organization,subtopic 2.3 - Sacred texts,,subtopic 2.1 - Water,subtopic 2.3 - Mass spectrometry,subtopic 2.1 - Thermal concepts,subtopic 2.3 - Programming constructs,subtopic 2.2 - Ecosystem structure and function,subtopic 2.3 - Training adaptations,subtopic 2.3 - Life cycle assessment,,Topic 2 - Functions,subtopic 2.2 - Transformations of graphs,,subtopic 2.1 - Technical skills and performance practice,subtopic 2.1 - Roles in film production,subtopic 2.1 - Composition,subtopic 2.1 - Dramatic action,subtopic 2.1 - Drawing,,,,
,Topic 3 - Intertextuality: Connecting Texts,Topic 3 - Intertextuality: Connecting Texts,Topic 3 - Intertextuality: Connecting Texts,Topic 3 - Intertextuality: Connecting Texts,Topic 3 - Intertextuality: Connecting Texts,Topic 3 - Intertextuality: Connecting Texts,Topic 3 - Intertextuality: Connecting Texts,,subtopic 2.3 - Travel and exploration,subtopic 2.4 - Food and drink,subtopic 2.3 - Travel and exploration,subtopic 2.4 - Food and drink,subtopic 2.3 - Travel and exploration,subtopic 2.4 - Food and drink,subtopic 2.3 - Travel and exploration,subtopic 2.4 - Food and drink,subtopic 2.3 - Travel and exploration,subtopic 2.4 - Food and drink,subtopic 2.4 - Historical and cultural context,subtopic 2.4 - Historical and cultural context,,subtopic 2.4 - Motivation and demotivation,subtopic 2.3 - Algorithms and inequality,subtopic 2.5 - Government intervention,subtopic 2.3 - Causes and impacts of climate change,subtopic 2.1 - Nature and development of human rights,subtopic 2.4 - Nationalist and independence movements,subtopic 2.3 - Evaluating arguments,subtopic 2.4 - Perception,"subtopic 2.4 - Law, order and conflict",subtopic 2.4 - Worship and ritual practice,,subtopic 2.2 - Nucleic acids,subtopic 2.4 - Electron configurations and ionisation energy,subtopic 2.2 - Modelling a gas,subtopic 2.4 - Debugging and testing,"subtopic 2.3 - Biomes, zonation and succession",subtopic 2.4 - Fatigue and recovery,subtopic 2.4 - Sustainable design,,subtopic 2.1 - Functions and graphs,subtopic 2.3 - Modelling with functions,,subtopic 2.2 - Choreographic devices,subtopic 2.2 - Pre-production,subtopic 2.2 - Improvisation,subtopic 2.2 - Theatre-making processes,subtopic 2.2 - Painting,,,,
,"subtopic 3.1 - Relationships between texts (allusion, homage, response)",subtopic 3.1 - Relationships between literary and non-literary texts,subtopic 3.1 - Relationships between different literary texts,"subtopic 3.1 - Relationships between texts (allusion, homage, response)","subtopic 3.1 - Relationships between texts (allusion, homage, response)","subtopic 3.1 - Relationships between texts (allusion, homage, response)","subtopic 3.1 - Relationships between texts (allusion, homage, response)",,"subtopic 2.4 - Festivals, customs and traditions",subtopic 2.5 - Health and wellbeing,"subtopic 2.4 - Festivals, customs and traditions",subtopic 2.5 - Health and wellbeing,"subtopic 2.4 - Festivals, customs and traditions",subtopic 2.5 - Health and wellbeing,"subtopic 2.4 - Festivals, customs and traditions",subtopic 2.5 - Health and wellbeing,"subtopic 2.4 - Festivals, customs and traditions",subtopic 2.5 - Health and wellbeing,subtopic 2.5 - Interpretation of meaning and purpose,subtopic 2.5 - Analysis of meaning and purpose,,subtopic 2.5 - Organisational culture,subtopic 2.4 - Digital labour and the gig economy,subtopic 2.6 - Market failure,"subtopic 2.4 - Vulnerability, resilience and adaptation",subtopic 2.2 - International human rights law and instruments,subtopic 2.5 - Imperialism and decolonization,subtopic 2.4 - Using examples and thought experiments,subtopic 2.5 - Reconstructive memory,subtopic 2.5 - Social hierarchy and power,subtopic 2.5 - Contemporary expressions of Hinduism,,subtopic 2.3 - DNA structure and replication,subtopic 2.5 - Atomic spectra (HL only),subtopic 2.3 - Heat transfer and change of state,subtopic 2.5 - Logic and validation,"subtopic 2.4 - Soils, nutrients and the water cycle",subtopic 2.5 - More detailed exercise physiology (HL only),subtopic 2.5 - HL extension: advanced sustainability analysis (HL only),,subtopic 2.2 - Transformations of functions,subtopic 2.4 - Inverse functions,,subtopic 2.3 - Composition and structuring,subtopic 2.3 - Production,subtopic 2.3 - Arranging,subtopic 2.3 - Directing and creating,subtopic 2.3 - Sculpture,,,,
,"subtopic 3.2 - Adaptations, translations and re‑imaginings","subtopic 3.2 - Adaptations, translations and re‑imaginings",subtopic 3.2 - Relationships between literary texts and performance versions,"subtopic 3.2 - Adaptations, translations and re-imaginings","subtopic 3.2 - Adaptations, translations and re-imaginings","subtopic 3.2 - Adaptations, translations and re-imaginings","subtopic 3.2 - Adaptations, translations and re-imaginings",,"subtopic 2.5 - Health, wellbeing and emotions",Topic 3 - Human Ingenuity,"subtopic 2.5 - Health, wellbeing and emotions",Topic 3 - Human Ingenuity,"subtopic 2.5 - Health, wellbeing and emotions",Topic 3 - Human Ingenuity,"subtopic 2.5 - Health, wellbeing and emotions",Topic 3 - Human Ingenuity,"subtopic 2.5 - Health, wellbeing and emotions",Topic 3 - Human Ingenuity,Topic 3 - Companion Texts,Topic 3 - Additional Texts / Options,,subtopic 2.6 - Communication,subtopic 2.5 - Online identity and representation,subtopic 2.7 - Theory of the firm and market structures (HL only),subtopic 2.5 - Climate policy and responses,subtopic 2.3 - Human rights violations,subtopic 2.6 - The Cold War: superpower tensions and rivalries,subtopic 2.5 - Considering counterarguments,Topic 3 - Sociocultural approach to understanding behaviour,Topic 3 - Belief systems and ritual,Topic 3 - Buddhism,,subtopic 2.4 - Transcription and translation,Topic 3 - Periodicity,subtopic 2.4 - Ideal gases,subtopic 2.6 - Recursion (HL only),subtopic 2.5 - Climate change and ecosystems,"Topic 3 - Health, physical activity and society",Topic 3 - Materials,,"subtopic 2.3 - Quadratic, polynomial and rational functions","subtopic 2.5 - Rational, exponential and logarithmic functions in more depth (HL only)",,subtopic 2.4 - Dance elements,subtopic 2.4 - Post-production,subtopic 2.4 - Musical elements and devices,subtopic 2.4 - Rehearsal and performance,subtopic 2.4 - Printmaking,,,,
,subtopic 3.3 - Shared themes and motifs across works,subtopic 3.3 - Themes and motifs across different works and text types,subtopic 3.3 - Themes and motifs across different works and performance styles,subtopic 3.3 - Shared themes and motifs across works,subtopic 3.3 - Shared themes and motifs across works,subtopic 3.3 - Shared themes and motifs across works,subtopic 3.3 - Shared themes and motifs across works,,"subtopic 2.6 - More nuanced narration, comparison, and personal reflection (HL only)",subtopic 3.1 - Technology and communication,"subtopic 2.6 - More nuanced narration, comparison, and personal reflection (HL only)",subtopic 3.1 - Technology and communication,"subtopic 2.6 - More nuanced narration, comparison, and personal reflection (HL only)",subtopic 3.1 - Technology and communication,"subtopic 2.6 - More nuanced narration, comparison, and personal reflection (HL only)",subtopic 3.1 - Technology and communication,"subtopic 2.6 - More nuanced narration, comparison, and personal reflection (HL only)",subtopic 3.1 - Technology and communication,subtopic 3.1 - Study of prescribed companion authors,subtopic 3.1 - Further prescribed texts or options,,subtopic 2.7 - Industrial/employee relations,subtopic 2.6 - More complex evaluation of power relationships and inequality (HL only),"subtopic 2.8 - Revenue, costs and profits (HL only)",subtopic 2.6 - Deeper analysis of climate systems and global risk (HL only),subtopic 2.4 - Advocacy and protection,subtopic 2.7 - HL only depth: more detailed historiography and thematic comparison (HL only),Topic 3 - Philosophical traditions and thinkers,subtopic 3.1 - Social cognition,subtopic 3.1 - Religion and cosmology,subtopic 3.1 - Origins and development,,subtopic 2.5 - Enzymes,subtopic 3.1 - Periodic trends,subtopic 2.5 - Kinetic theory of gases (HL only),subtopic 2.7 - Advanced algorithm design and analysis (HL only),subtopic 2.6 - HL extension: more detailed ecological analysis (HL only),subtopic 3.1 - Lifestyle-related diseases,subtopic 3.1 - Properties of materials,,subtopic 2.4 - Exponential and logarithmic functions,subtopic 2.6 - Graph behaviour and function analysis (HL only),,subtopic 2.5 - Improvisation,subtopic 2.5 - Collaboration and teamwork,subtopic 2.5 - Notation and recording,subtopic 2.5 - Designing for theatre,subtopic 2.5 - Photography and lens-based media,,,,
,subtopic 3.4 - Influence and dialogue between authors and traditions,subtopic 3.4 - Influence and dialogue between authors and traditions,subtopic 3.4 - Influence and dialogue between authors and performance traditions,subtopic 3.4 - Influence and dialogue between authors and traditions,subtopic 3.4 - Influence and dialogue between authors and traditions,subtopic 3.4 - Influence and dialogue between authors and traditions,subtopic 3.4 - Influence and dialogue between authors and traditions,,Topic 3 - Human Ingenuity,subtopic 3.2 - Media and entertainment,Topic 3 - Human Ingenuity,subtopic 3.2 - Media and entertainment,Topic 3 - Human Ingenuity,subtopic 3.2 - Media and entertainment,Topic 3 - Human Ingenuity,subtopic 3.2 - Media and entertainment,Topic 3 - Human Ingenuity,subtopic 3.2 - Media and entertainment,subtopic 3.2 - Comparison with core texts,subtopic 3.2 - Comparison of passages and themes,,subtopic 2.8 - Human resource planning,Topic 3 - Data and knowledge,Topic 3 - Macroeconomics,Topic 3 - Global Resource Consumption and Security,subtopic 2.5 - State and non-state actors,Topic 3 - HL regional options,subtopic 3.1 - Major Western philosophical traditions,subtopic 3.2 - Conformity and obedience,subtopic 3.2 - Ritual and ceremony,subtopic 3.2 - Core beliefs and concepts,,subtopic 2.6 - Metabolism,"subtopic 3.2 - Group 1, 2 and 17 properties",subtopic 2.6 - Thermodynamic processes (HL only),Topic 3 - Abstract data structures,Topic 3 - Biodiversity and conservation,subtopic 3.2 - Nutrition,subtopic 3.2 - Material selection,,subtopic 2.5 - Function notation and inverse functions,Topic 3 - Geometry and trigonometry,,subtopic 2.6 - Performance analysis,subtopic 2.6 - Technical and creative decision-making,subtopic 2.6 - Refining and developing ideas,subtopic 2.6 - Technical theatre,subtopic 2.6 - Digital art and mixed media,,,,
,Topic 4 - The Power of Literature (HL only),Topic 4 - Global Issues (HL only),Topic 4 - Performance and Presentation (SL only),Topic 4 - The Power of Literature (HL only),Topic 4 - The Power of Literature (HL only),Topic 4 - The Power of Literature (HL only),Topic 4 - The Power of Literature (HL only),,subtopic 3.1 - Creativity and innovation,subtopic 3.3 - Shopping and consumerism,subtopic 3.1 - Creativity and innovation,subtopic 3.3 - Shopping and consumerism,subtopic 3.1 - Creativity and innovation,subtopic 3.3 - Shopping and consumerism,subtopic 3.1 - Creativity and innovation,subtopic 3.3 - Shopping and consumerism,subtopic 3.1 - Creativity and innovation,subtopic 3.3 - Shopping and consumerism,"subtopic 3.3 - Themes, ideas and perspectives",subtopic 3.3 - Literary and historical significance,,"subtopic 2.9 - Recruitment, selection and training",subtopic 3.1 - Data collection and analysis,subtopic 3.1 - Economic activity and measurement,subtopic 3.1 - Resource availability and distribution,subtopic 2.6 - Rights in practice across regions,subtopic 3.1 - History of Europe,subtopic 3.2 - Non-Western philosophical traditions,subtopic 3.3 - Social identity,subtopic 3.3 - Myth and symbolism,subtopic 3.3 - Sacred texts,,subtopic 2.7 - DNA profiling and sequencing (HL only),subtopic 3.3 - Transition metals,Topic 3 - Wave behaviour,subtopic 3.1 - Arrays,subtopic 3.1 - Biodiversity,subtopic 3.3 - Psychology of sport and exercise,subtopic 3.3 - Material testing,,subtopic 2.6 - Graphing techniques,subtopic 3.1 - Trigonometric ratios and identities,,subtopic 2.7 - Advanced performance and choreography study (HL only),subtopic 2.7 - Advanced production practice (HL only),subtopic 2.7 - Extended music creation (HL only),subtopic 2.7 - Extended theatre production study (HL only),subtopic 2.7 - Further methods and techniques (HL only),,,,
,"subtopic 4.1 - Literature’s impact on individuals (identity, empathy)",subtopic 4.1 - Identifying and analyzing global issues in texts,subtopic 4.1 - Creating and staging performance interpretations,"subtopic 4.1 - Literature’s impact on individuals (identity, empathy)","subtopic 4.1 - Literature’s impact on individuals (identity, empathy)","subtopic 4.1 - Literature’s impact on individuals (identity, empathy)","subtopic 4.1 - Literature’s impact on individuals (identity, empathy)",,"subtopic 3.2 - Entertainment, arts and media","subtopic 3.4 - Art, music and creativity","subtopic 3.2 - Entertainment, arts and media","subtopic 3.4 - Art, music and creativity","subtopic 3.2 - Entertainment, arts and media","subtopic 3.4 - Art, music and creativity","subtopic 3.2 - Entertainment, arts and media","subtopic 3.4 - Art, music and creativity","subtopic 3.2 - Entertainment, arts and media","subtopic 3.4 - Art, music and creativity",subtopic 3.4 - Literary and historical significance,subtopic 3.4 - Broader Greek cultural context,,Topic 3 - Finance and accounts,subtopic 3.2 - Big data and datafication,subtopic 3.2 - Aggregate demand and aggregate supply,"subtopic 3.2 - Food, water and energy security",subtopic 2.7 - Challenges to implementation and enforcement,subtopic 3.2 - History of the Americas,subtopic 3.3 - Historical and contemporary philosophers,subtopic 3.4 - Cultural influences on behaviour,subtopic 3.4 - Belief and social cohesion,subtopic 3.4 - Worship and ritual practice,,subtopic 2.8 - Gene transfer and genetic modification (HL only),subtopic 3.4 - Periodic variations in physical and chemical properties,subtopic 3.1 - Wave characteristics,subtopic 3.2 - Stacks,subtopic 3.2 - Conservation strategies,subtopic 3.4 - Physical activity and health,subtopic 3.4 - Material processing,,subtopic 2.7 - The graph of the derivative,subtopic 3.2 - Radians and arc length,,Topic 3 - Dance history and traditions,Topic 3 - Film texts and contexts,Topic 3 - Developing music in performance,Topic 3 - Presenting theatre,Topic 3 - Communicating through visual arts,,,,
,subtopic 4.2 - Literature’s role in social and political change,"subtopic 4.2 - How texts address social, cultural and political issues",subtopic 4.2 - Collaborative performance production skills,subtopic 4.2 - Literature’s role in social and political change,subtopic 4.2 - Literature’s role in social and political change,subtopic 4.2 - Literature’s role in social and political change,subtopic 4.2 - Literature’s role in social and political change,,"subtopic 3.3 - Science, technology and progress",subtopic 3.5 - Innovation and invention,"subtopic 3.3 - Science, technology and progress",subtopic 3.5 - Innovation and invention,"subtopic 3.3 - Science, technology and progress",subtopic 3.5 - Innovation and invention,"subtopic 3.3 - Science, technology and progress",subtopic 3.5 - Innovation and invention,"subtopic 3.3 - Science, technology and progress",subtopic 3.5 - Innovation and invention,subtopic 3.5 - Broader Roman and classical context,subtopic 3.5 - Interpretation across genres,,subtopic 3.1 - Sources of finance,subtopic 3.3 - Knowledge production and dissemination,subtopic 3.3 - Macroeconomic objectives,subtopic 3.3 - Consumption patterns and demand,subtopic 2.8 - HL depth: more detailed case studies and evaluation (HL only),subtopic 3.3 - History of Asia and Oceania,subtopic 3.4 - Comparing philosophical perspectives,"subtopic 3.5 - Stereotypes, prejudice and discrimination",subtopic 3.5 - Change in belief systems,subtopic 3.5 - Contemporary expressions of Buddhism,,Topic 3 - Genetics,subtopic 3.5 - First-row d-block element reactions (HL only),subtopic 3.2 - Wave phenomena,subtopic 3.3 - Queues,subtopic 3.3 - Invasive species and ecosystem disruption,subtopic 3.5 - Deeper analysis of health and society (HL only),subtopic 3.5 - HL extension: advanced material science (HL only),,subtopic 2.8 - Modelling with functions,subtopic 3.3 - Sine and cosine rules,,subtopic 3.1 - Dance in historical context,subtopic 3.1 - Cultural context,subtopic 3.1 - Technical skills,subtopic 3.1 - Performing skills,subtopic 3.1 - Visual language,,,,
,"subtopic 4.3 - Ethical, moral and philosophical questions in literature",subtopic 4.3 - The role of language and literature in global issues,subtopic 4.3 - Presenting performance work to audiences,"subtopic 4.3 - Ethical, moral and philosophical questions in literature","subtopic 4.3 - Ethical, moral and philosophical questions in literature","subtopic 4.3 - Ethical, moral and philosophical questions in literature","subtopic 4.3 - Ethical, moral and philosophical questions in literature",,subtopic 3.4 - Communication and social media,Topic 4 - Social Organization,subtopic 3.4 - Communication and social media,Topic 4 - Social Organization,subtopic 3.4 - Communication and social media,Topic 4 - Social Organization,subtopic 3.4 - Communication and social media,Topic 4 - Social Organization,subtopic 3.4 - Communication and social media,Topic 4 - Social Organization,Topic 4 - Options and Additional Study,Topic 4 - Research Dossier,,subtopic 3.2 - Costs and revenue,"subtopic 3.4 - Credibility, misinformation and disinformation",subtopic 3.4 - Fiscal policy,subtopic 3.4 - Sustainability and resource management,Topic 3 - Development,subtopic 3.4 - History of Africa and the Middle East,subtopic 3.5 - Philosophical terminology and concepts,Topic 4 - Abnormal psychology,Topic 4 - Economic systems,Topic 4 - Christianity,,subtopic 3.1 - Genes,Topic 4 - Chemical bonding and structure,subtopic 3.3 - Standing waves,subtopic 3.4 - Linked lists,subtopic 3.4 - Protected areas and management,Topic 4 - Biomechanics,Topic 4 - Modelling,,subtopic 2.9 - Polynomial theorem and factor theorem (HL only),subtopic 3.4 - Vectors,,subtopic 3.2 - Traditional dance forms,subtopic 3.2 - Historical context,subtopic 3.2 - Interpretation and expression,subtopic 3.2 - Presentation and audience impact,subtopic 3.2 - Composition and design,,,,
,,,,,,,,,"subtopic 3.5 - Products, services and consumer culture",subtopic 4.1 - Home and local area,"subtopic 3.5 - Products, services and consumer culture",subtopic 4.1 - Home and local area,"subtopic 3.5 - Products, services and consumer culture",subtopic 4.1 - Home and local area,"subtopic 3.5 - Products, services and consumer culture",subtopic 4.1 - Home and local area,"subtopic 3.5 - Products, services and consumer culture",subtopic 4.1 - Home and local area,subtopic 4.1 - Teacher-selected option texts,subtopic 4.1 - Choosing a classical Greek topic,,subtopic 3.3 - Break-even analysis,"subtopic 3.5 - Open data, privacy and consent",subtopic 3.5 - Monetary policy,subtopic 3.5 - Global inequalities in resource access,subtopic 3.1 - Measuring development,subtopic 3.5 - Detailed regional case studies and comparisons (HL only),Topic 4 - HL extension,subtopic 4.1 - Definitions of abnormality,subtopic 4.1 - Production and exchange,subtopic 4.1 - Origins and development,,subtopic 3.2 - Chromosomes,subtopic 4.1 - Ionic bonding,subtopic 3.4 - Doppler effect,subtopic 3.5 - Trees and graphs,subtopic 3.5 - HL extension: advanced conservation planning (HL only),subtopic 4.1 - Forces and motion,subtopic 4.1 - Sketching and communication,,subtopic 2.10 - Rational functions and asymptotic behaviour (HL only),subtopic 3.5 - Advanced trigonometric equations (HL only),,subtopic 3.3 - Contemporary dance,subtopic 3.3 - National cinemas,subtopic 3.3 - Solo performance,subtopic 3.3 - Design and staging,subtopic 3.3 - Colour and tone,,,,
,,,,,,,,,"subtopic 3.6 - More sophisticated analysis of media, ideas, and viewpoints (HL only)",subtopic 4.2 - Community and services,"subtopic 3.6 - More sophisticated analysis of media, ideas, and viewpoints (HL only)",subtopic 4.2 - Community and services,"subtopic 3.6 - More sophisticated analysis of media, ideas, and viewpoints (HL only)",subtopic 4.2 - Community and services,"subtopic 3.6 - More sophisticated analysis of media, ideas, and viewpoints (HL only)",subtopic 4.2 - Community and services,"subtopic 3.6 - More sophisticated analysis of media, ideas, and viewpoints (HL only)",subtopic 4.2 - Community and services,subtopic 4.2 - Themes from prescribed options,subtopic 4.2 - Using primary sources,,subtopic 3.4 - Final accounts,subtopic 3.6 - More advanced investigation of data ethics and knowledge systems (HL only),subtopic 3.6 - Supply-side policy,subtopic 3.6 - More advanced evaluation of resource security and sustainability (HL only),subtopic 3.2 - Poverty and inequality,Topic 4 - Historical investigation,subtopic 4.1 - Deeper comparative analysis (HL only),subtopic 4.2 - Causes of abnormal behaviour,subtopic 4.2 - Subsistence strategies,subtopic 4.2 - Core beliefs and concepts,,subtopic 3.3 - Meiosis,subtopic 4.2 - Covalent bonding,subtopic 3.5 - Polarization,subtopic 3.6 - More advanced data structure applications (HL only),Topic 4 - Water and aquatic food production systems and societies,subtopic 4.2 - Projectile motion,subtopic 4.2 - CAD,,subtopic 2.11 - More advanced function analysis (HL only),"subtopic 3.6 - Lines, planes and vector geometry (HL only)",,subtopic 3.4 - Dance in different cultures,subtopic 3.4 - Global cinema,subtopic 3.4 - Ensemble performance,subtopic 3.4 - Collaboration,subtopic 3.4 - Materials and processes,,,,
,,,,,,,,,Topic 4 - Social Organization,subtopic 4.3 - Education and work,Topic 4 - Social Organization,subtopic 4.3 - Education and work,Topic 4 - Social Organization,subtopic 4.3 - Education and work,Topic 4 - Social Organization,subtopic 4.3 - Education and work,Topic 4 - Social Organization,subtopic 4.3 - Education and work,subtopic 4.3 - Further literary and cultural exploration,"subtopic 4.3 - Researching Greek life, culture or literature",,subtopic 3.5 - Profitability and liquidity ratio analysis,Topic 4 - Digital communications and media,subtopic 3.7 - The role of the state,Topic 4 - Freshwater,subtopic 3.3 - Development strategies,subtopic 4.1 - Choosing a historical question,subtopic 4.2 - More advanced critical evaluation (HL only),subtopic 4.3 - Anxiety disorders,subtopic 4.3 - Markets and trade,subtopic 4.3 - Sacred texts,,subtopic 3.4 - Inheritance,subtopic 4.3 - Metallic bonding,subtopic 3.6 - Interference and diffraction in greater depth (HL only),Topic 4 - Resource management,subtopic 4.1 - Freshwater systems,subtopic 4.3 - Fluid dynamics,subtopic 4.3 - Prototyping,,Topic 3 - Geometry and trigonometry,Topic 4 - Statistics and probability,,subtopic 3.5 - Dance as a changing art form,subtopic 3.5 - Film movements,subtopic 3.5 - Rehearsal strategies,subtopic 3.5 - Reflection and evaluation,subtopic 3.5 - Personal intentions,,,,
,,,,,,,,,subtopic 4.1 - Community and social relationships,subtopic 4.4 - Social issues,subtopic 4.1 - Community and social relationships,subtopic 4.4 - Social issues,subtopic 4.1 - Community and social relationships,subtopic 4.4 - Social issues,subtopic 4.1 - Community and social relationships,subtopic 4.4 - Social issues,subtopic 4.1 - Community and social relationships,subtopic 4.4 - Social issues,subtopic 4.4 - Wider classical background,subtopic 4.4 - Organizing evidence and argument,,subtopic 3.6 - Cash flow,subtopic 4.1 - Social media and networked communication,subtopic 3.8 - Further macroeconomic models and diagrams (HL only),subtopic 4.1 - Drainage basins and river processes,subtopic 3.4 - Sustainability and human development,subtopic 4.2 - Using primary and secondary sources,subtopic 4.3 - Extended philosophical writing (HL only),subtopic 4.4 - Mood disorders,subtopic 4.4 - Work and labour,subtopic 4.4 - Worship and ritual practice,,subtopic 3.5 - Genetic engineering and biotechnology,subtopic 4.4 - Intermolecular forces,Topic 4 - Fields,subtopic 4.1 - Memory management,"subtopic 4.2 - Water supply, demand and pollution",subtopic 4.4 - Levers and movement,subtopic 4.4 - Testing models,,subtopic 3.1 - Trigonometric ratios,subtopic 4.1 - Data collection and presentation,,subtopic 3.6 - Deeper historical and contextual study (HL only),subtopic 3.6 - Comparative study,subtopic 3.6 - Performance evaluation,subtopic 3.6 - HL only performance and presentation extension,subtopic 3.6 - Audience and interpretation,,,,
,,,,,,,,,subtopic 4.2 - Education and learning,subtopic 4.5 - Customs and traditions,subtopic 4.2 - Education and learning,subtopic 4.5 - Customs and traditions,subtopic 4.2 - Education and learning,subtopic 4.5 - Customs and traditions,subtopic 4.2 - Education and learning,subtopic 4.5 - Customs and traditions,subtopic 4.2 - Education and learning,subtopic 4.5 - Customs and traditions,subtopic 4.5 - Interpretation across genres and authors,subtopic 4.5 - Writing the dossier,,subtopic 3.7 - Investment appraisal,"subtopic 4.2 - News, media and digital platforms",Topic 4 - The global economy,subtopic 4.2 - Floods and droughts,"subtopic 3.5 - Aid, trade and debt",subtopic 4.3 - Evaluating evidence and perspectives,subtopic 4.4 - More complex text interpretation (HL only),subtopic 4.5 - Schizophrenia,subtopic 4.5 - Globalisation and economics,subtopic 4.5 - Contemporary expressions of Christianity,,subtopic 3.6 - Chi-squared analysis and pedigree interpretation (HL only),subtopic 4.5 - Shape and polarity,subtopic 4.1 - Gravitational fields,subtopic 4.2 - Storage management,subtopic 4.3 - Aquatic food production systems,subtopic 4.5 - Advanced biomechanics (HL only),subtopic 4.5 - HL extension: advanced modelling techniques (HL only),,subtopic 3.2 - Non-right-angled trigonometry,subtopic 4.2 - Descriptive statistics,,Topic 4 - Critical analysis and reflection,subtopic 3.7 - Deeper contextual analysis (HL only),subtopic 3.7 - Advanced performance development (HL only),Topic 4 - Theatre analysis and evaluation,subtopic 3.7 - Advanced communication in visual arts (HL only),,,,
,,,,,,,,,"subtopic 4.3 - Work, careers and the economy",Topic 5 - Sharing the Planet,"subtopic 4.3 - Work, careers and the economy",Topic 5 - Sharing the Planet,"subtopic 4.3 - Work, careers and the economy",Topic 5 - Sharing the Planet,"subtopic 4.3 - Work, careers and the economy",Topic 5 - Sharing the Planet,"subtopic 4.3 - Work, careers and the economy",Topic 5 - Sharing the Planet,Topic 5 - Research Dossier,Topic 5 - Composition (HL only),,Topic 4 - Marketing,"subtopic 4.3 - Participation, activism and community",subtopic 4.1 - International trade,subtopic 4.3 - Water scarcity and water stress,subtopic 3.6 - Globalisation and development,subtopic 4.4 - Structuring historical argument,subtopic 4.5 - Broader engagement with philosophical sources (HL only),Topic 5 - Human relationships,Topic 5 - Health and healing,Topic 5 - Islam,,subtopic 3.7 - Polygenic inheritance and continuous variation (HL only),subtopic 4.6 - Giant covalent structures,subtopic 4.2 - Electric fields,subtopic 4.3 - Processor management,subtopic 4.4 - Managing water resources,Topic 5 - Skill in sport,Topic 5 - Prototypes and production,,subtopic 3.3 - Radians,subtopic 4.3 - Probability,,subtopic 4.1 - Critical thinking in dance,Topic 4 - Critical and reflective study,Topic 4 - Music analysis and reflection,subtopic 4.1 - Dramatic literature,Topic 4 - Critical reflection and presentation,,,,
,,,,,,,,,"subtopic 4.4 - Government, law and citizenship",subtopic 5.1 - Environment and climate,"subtopic 4.4 - Government, law and citizenship",subtopic 5.1 - Environment and climate,"subtopic 4.4 - Government, law and citizenship",subtopic 5.1 - Environment and climate,"subtopic 4.4 - Government, law and citizenship",subtopic 5.1 - Environment and climate,"subtopic 4.4 - Government, law and citizenship",subtopic 5.1 - Environment and climate,subtopic 5.1 - Selecting a Roman/classical topic,subtopic 5.1 - Writing original Greek prose or verse,,subtopic 4.1 - The role of marketing,subtopic 4.4 - Representation and storytelling online,subtopic 4.2 - Exchange rates,subtopic 4.4 - Water management strategies,subtopic 3.7 - Development institutions and actors,subtopic 4.5 - Writing the investigation,,subtopic 5.1 - Attraction,subtopic 5.1 - Health beliefs and practices,subtopic 5.1 - Origins and development,,Topic 4 - Ecology,subtopic 4.7 - Hybridisation and molecular orbital theory (HL only),subtopic 4.3 - Magnetic fields,subtopic 4.4 - Peripheral management,subtopic 4.5 - HL extension: complex water resource issues (HL only),subtopic 5.1 - Information processing,subtopic 5.1 - Prototype development,,subtopic 3.4 - Trigonometric identities and equations,subtopic 4.4 - Discrete random variables,,subtopic 4.2 - Evaluating performances,subtopic 4.1 - Critical reflection,subtopic 4.1 - Listening and analysis,subtopic 4.2 - Theatre traditions and styles,subtopic 4.1 - Art journals and documentation,,,,
,,,,,,,,,subtopic 4.5 - Social issues and equality,subtopic 5.2 - Weather and natural disasters,subtopic 4.5 - Social issues and equality,subtopic 5.2 - Weather and natural disasters,subtopic 4.5 - Social issues and equality,subtopic 5.2 - Weather and natural disasters,subtopic 4.5 - Social issues and equality,subtopic 5.2 - Weather and natural disasters,subtopic 4.5 - Social issues and equality,subtopic 5.2 - Weather and natural disasters,subtopic 5.2 - Gathering and using primary sources,subtopic 5.2 - Applying grammar and syntax accurately,,subtopic 4.2 - Marketing planning,subtopic 4.5 - Digital culture and audience behaviour,subtopic 4.3 - Balance of payments,subtopic 4.5 - Conflicts over water,subtopic 3.8 - HL depth: more advanced evaluation of development models (HL only),Topic 5 - Internal assessment skills,,subtopic 5.2 - Relationships,subtopic 5.2 - Illness and healing systems,subtopic 5.2 - Core beliefs and concepts,,"subtopic 4.1 - Species, communities and ecosystems",Topic 5 - Energetics/thermochemistry,subtopic 4.4 - Field strength and potential,subtopic 4.5 - File management,Topic 5 - Soil systems and terrestrial food production systems and societies,subtopic 5.2 - Skill classification,subtopic 5.2 - Manufacturing methods,,subtopic 3.5 - Vectors,subtopic 4.5 - Binomial distribution,,subtopic 4.3 - Reflective practice,subtopic 4.2 - Research skills,subtopic 4.2 - Comparing musical works,subtopic 4.3 - Viewing and analysing theatre,subtopic 4.2 - Research and analysis,,,,
,,,,,,,,,subtopic 4.6 - More detailed argumentation about institutions and social issues (HL only),subtopic 5.3 - Global issues,subtopic 4.6 - More detailed argumentation about institutions and social issues (HL only),subtopic 5.3 - Global issues,subtopic 4.6 - More detailed argumentation about institutions and social issues (HL only),subtopic 5.3 - Global issues,subtopic 4.6 - More detailed argumentation about institutions and social issues (HL only),subtopic 5.3 - Global issues,subtopic 4.6 - More detailed argumentation about institutions and social issues (HL only),subtopic 5.3 - Global issues,subtopic 5.3 - Organizing evidence and argument,subtopic 5.3 - Using prescribed vocabulary and structures,,subtopic 4.3 - Market research,subtopic 4.6 - Greater depth in media analysis and platform effects (HL only),subtopic 4.4 - Economic integration,subtopic 4.6 - Greater depth in freshwater systems and management (HL only),Topic 4 - Peace and conflict,subtopic 5.1 - Source analysis,,subtopic 5.3 - Prosocial behaviour,subtopic 5.3 - Medicine and biomedicine,subtopic 5.3 - Sacred texts,,subtopic 4.2 - Energy flow,subtopic 5.1 - Energy changes in reactions,subtopic 4.5 - Motion in fields,subtopic 4.6 - Deeper system resource analysis (HL only),subtopic 5.1 - Soil properties and formation,subtopic 5.3 - Goal setting and motivation,"subtopic 5.3 - Tools, machines and safety",,subtopic 3.6 - The circular functions sine and cosine,subtopic 4.6 - Normal distribution,,subtopic 4.4 - Dance notation and documentation,subtopic 4.3 - Evaluation of film work,subtopic 4.3 - Musical structure and form,subtopic 4.4 - Research and interpretation,subtopic 4.3 - Reflection on artistic practice,,,,
,,,,,,,,,Topic 5 - Sharing the Planet,subtopic 5.4 - Sustainability and responsibility,Topic 5 - Sharing the Planet,subtopic 5.4 - Sustainability and responsibility,Topic 5 - Sharing the Planet,subtopic 5.4 - Sustainability and responsibility,Topic 5 - Sharing the Planet,subtopic 5.4 - Sustainability and responsibility,Topic 5 - Sharing the Planet,subtopic 5.4 - Sustainability and responsibility,subtopic 5.4 - Writing a formal research dossier,subtopic 5.4 - Creating and explaining an original composition,,subtopic 4.4 - The four Ps and the seven Ps,Topic 5 - Digital interactions and well-being,subtopic 4.5 - Economic development,Topic 5 - Oceans and Coastal Margins,subtopic 4.1 - Causes of conflict,"subtopic 5.2 - Origin, purpose, content and value",,subtopic 5.4 - Aggression,subtopic 5.4 - Mental health and wellbeing,subtopic 5.4 - Worship and ritual practice,,subtopic 4.3 - Carbon cycling,subtopic 5.2 - Enthalpy changes,subtopic 4.6 - Capacitance,Topic 5 - Control,subtopic 5.2 - Soil degradation and conservation,subtopic 5.4 - Feedback,subtopic 5.4 - Production planning,,subtopic 3.7 - Solution of trigonometric equations,subtopic 4.7 - More advanced statistical distributions and inference (HL only),,subtopic 4.5 - Research and presentation,subtopic 4.4 - Film journal and documentation,"subtopic 4.4 - Harmony, melody and rhythm",subtopic 4.5 - Comparative study,subtopic 4.4 - Presentation of work,,,,
,,,,,,,,,subtopic 5.1 - Environment and sustainability,subtopic 5.5 - Action for change,subtopic 5.1 - Environment and sustainability,subtopic 5.5 - Action for change,subtopic 5.1 - Environment and sustainability,subtopic 5.5 - Action for change,subtopic 5.1 - Environment and sustainability,subtopic 5.5 - Action for change,subtopic 5.1 - Environment and sustainability,subtopic 5.5 - Action for change,subtopic 5.5 - Presenting analysis in English,subtopic 5.5 - Translating ideas into Greek expression,,subtopic 4.5 - International marketing,subtopic 5.1 - Relationships and communication online,subtopic 4.6 - Sustainability and global interdependence,subtopic 5.1 - Coastal processes and landforms,subtopic 4.2 - Types of conflict,subtopic 5.3 - Reliability and usefulness,,subtopic 5.5 - Social influence in relationships,subtopic 5.5 - Culture and the body,subtopic 5.5 - Contemporary expressions of Islam,,subtopic 4.4 - Climate change,subtopic 5.3 - Calorimetry,subtopic 4.7 - Electromagnetic induction,subtopic 5.1 - Sensors and actuators,subtopic 5.3 - Terrestrial food production systems,subtopic 5.5 - Advanced skill development (HL only),subtopic 5.5 - HL extension: advanced production systems (HL only),,subtopic 3.8 - Angles of elevation and depression,Topic 5 - Calculus,,subtopic 4.6 - More advanced critical analysis (HL only),subtopic 4.5 - Presentation and discussion,subtopic 4.5 - Reflection on musical choices,subtopic 4.6 - Critical reflection,subtopic 4.5 - Comparing artworks,,,,
,,,,,,,,,subtopic 5.2 - Global challenges and responsibility,,subtopic 5.2 - Global challenges and responsibility,,subtopic 5.2 - Global challenges and responsibility,,subtopic 5.2 - Global challenges and responsibility,,subtopic 5.2 - Global challenges and responsibility,,Topic 6 - Composition (HL only),,,subtopic 4.6 - E-commerce,subtopic 5.2 - Gaming and virtual environments,subtopic 4.7 - Quantitative analysis and extended application (HL only),subtopic 5.2 - Ocean circulation,subtopic 4.3 - War and violence,subtopic 5.4 - Contextual interpretation,,Topic 6 - Research methods,Topic 6 - Identity and representation,Topic 6 - Judaism,,subtopic 4.5 - Populations and communities,subtopic 5.4 - Bond enthalpies,subtopic 4.8 - More detailed field theory and flux analysis (HL only),subtopic 5.2 - Feedback loops,subtopic 5.4 - Sustainable agriculture,Topic 6 - Measurement and evaluation of human performance,Topic 6 - Innovation and design,,subtopic 3.9 - Further vectors and lines (HL only),subtopic 5.1 - Limits and differentiation,,Topic 5 - Dance and the creative process,subtopic 4.6 - Advanced critical reflection (HL only),subtopic 4.6 - Presentation and communication,subtopic 4.7 - Advanced theatre analysis (HL only),subtopic 4.6 - Evaluation of art-making decisions,,,,
,,,,,,,,,subtopic 5.3 - Natural resources and conservation,,subtopic 5.3 - Natural resources and conservation,,subtopic 5.3 - Natural resources and conservation,,subtopic 5.3 - Natural resources and conservation,,subtopic 5.3 - Natural resources and conservation,,subtopic 6.1 - Writing in Latin,,,Topic 5 - Operations management,subtopic 5.3 - Mental health and digital life,,subtopic 5.3 - Coastal management,subtopic 4.4 - Peacebuilding and conflict resolution,subtopic 5.5 - Evidence-based argumentation,,subtopic 6.1 - Experimental methods,subtopic 6.1 - Gender,subtopic 6.1 - Origins and development,,subtopic 4.6 - Species diversity and conservation measures (HL only),subtopic 5.5 - Hess’s law,Topic 5 - Nuclear and quantum physics,subtopic 5.3 - Microcontrollers,subtopic 5.5 - HL extension: advanced soil and agriculture analysis (HL only),subtopic 6.1 - Fitness testing,subtopic 6.1 - Design cycle,,subtopic 3.10 - Proof in geometry and trigonometry (HL only),subtopic 5.2 - Applications of differentiation,,subtopic 5.1 - Creative exploration,Topic 5 - Practical film making,subtopic 4.7 - Deeper analytical study (HL only),,subtopic 4.7 - Deeper critical reflection (HL only),,,,
,,,,,,,,,"subtopic 5.4 - Conflict, peace and cooperation",,"subtopic 5.4 - Conflict, peace and cooperation",,"subtopic 5.4 - Conflict, peace and cooperation",,"subtopic 5.4 - Conflict, peace and cooperation",,"subtopic 5.4 - Conflict, peace and cooperation",,subtopic 6.2 - Controlled expression and style,,,subtopic 5.1 - Production methods,"subtopic 5.4 - Cyberbullying, harassment and safety",,subtopic 5.4 - Marine resources and sustainability,subtopic 4.5 - Security and terrorism,,,subtopic 6.2 - Sampling techniques,subtopic 6.2 - Age and life course,subtopic 6.2 - Core beliefs and concepts,,subtopic 4.7 - Ecosystem change and succession analysis (HL only),subtopic 5.6 - Entropy and spontaneity (HL only),subtopic 5.1 - The nuclear atom,subtopic 5.4 - Automation systems,Topic 6 - Atmospheric systems and societies,subtopic 6.2 - Data collection and interpretation,subtopic 6.2 - Creativity and innovation,,subtopic 3.11 - More advanced trigonometry and vectors (HL only),subtopic 5.3 - Integration,,subtopic 5.2 - Artistic intention,subtopic 5.1 - Idea development,,,,,,,
,,,,,,,,,subtopic 5.5 - Local and global action,,subtopic 5.5 - Local and global action,,subtopic 5.5 - Local and global action,,subtopic 5.5 - Local and global action,,subtopic 5.5 - Local and global action,,subtopic 6.3 - Using prescribed vocabulary and syntax,,,subtopic 5.2 - Lean production and quality management,subtopic 5.5 - Digital habits and balance,,subtopic 5.5 - Risks and human impacts on coasts and oceans,subtopic 4.6 - Reconciliation and transitional justice,,,subtopic 6.3 - Data collection methods,subtopic 6.3 - Ethnicity and race,subtopic 6.3 - Sacred texts,,Topic 5 - Evolution and biodiversity,Topic 6 - Chemical kinetics,subtopic 5.2 - Radioactive decay,subtopic 5.5 - Control models and simulation,subtopic 6.1 - The atmosphere,subtopic 6.3 - Ethical issues,subtopic 6.3 - Aesthetics and function,,Topic 4 - Statistics and probability,subtopic 5.4 - Applications of integration,,subtopic 5.3 - Collaboration,subtopic 5.2 - Scriptwriting,,,,,,,
,,,,,,,,,subtopic 5.6 - More complex global perspective and evaluative discussion (HL only),,subtopic 5.6 - More complex global perspective and evaluative discussion (HL only),,subtopic 5.6 - More complex global perspective and evaluative discussion (HL only),,subtopic 5.6 - More complex global perspective and evaluative discussion (HL only),,subtopic 5.6 - More complex global perspective and evaluative discussion (HL only),,subtopic 6.4 - Creating an original short composition,,,subtopic 5.3 - Location,subtopic 5.6 - More nuanced discussion of digital wellbeing and social impact (HL only),,subtopic 5.6 - More detailed analysis of ocean and coastal systems (HL only),subtopic 4.7 - The role of international organisations,,,subtopic 6.4 - Ethical considerations,subtopic 6.4 - Identity and belonging,subtopic 6.4 - Worship and ritual practice,,subtopic 5.1 - Evidence for evolution,subtopic 6.1 - Collision theory,subtopic 5.3 - Fission and fusion,subtopic 5.6 - More advanced control applications (HL only),subtopic 6.2 - Air pollution and atmospheric impacts,subtopic 6.4 - Research methods,subtopic 6.4 - Evaluation of design solutions,,subtopic 4.1 - Descriptive statistics,subtopic 5.5 - Differential equations,,subtopic 5.4 - Refining and developing ideas,subtopic 5.3 - Cinematography,,,,,,,
,,,,,,,,,,,,,,,,,,,subtopic 6.5 - Applying knowledge of Latin usage,,,subtopic 5.4 - Production planning,"Topic 6 - Systems, security and governance",,Topic 6 - Extreme Environments,subtopic 4.8 - HL depth: more sophisticated analysis of conflict dynamics (HL only),,,subtopic 6.5 - Evaluation of psychological research,subtopic 6.5 - Representation of others,subtopic 6.5 - Contemporary expressions of Judaism,,subtopic 5.2 - Natural selection,subtopic 6.2 - Rate of reaction,subtopic 5.4 - Quantum phenomena,Topic 6 - System fundamentals,subtopic 6.3 - Climate change causes and effects,subtopic 6.5 - More advanced evaluation methods (HL only),subtopic 6.5 - HL extension: more advanced design evaluation (HL only),,subtopic 4.2 - Probability,subtopic 5.6 - Advanced calculus techniques (HL only),,subtopic 5.5 - Presentation and audience,subtopic 5.4 - Editing,,,,,,,
,,,,,,,,,,,,,,,,,,,,,,subtopic 5.5 - Research and development,subtopic 6.1 - Digital infrastructure and systems,,subtopic 6.1 - Characteristics of extreme environments,Topic 5 - Global governance,,,Topic 7 - HL extension,Topic 7 - HL extension,Topic 7 - Religion and society,,subtopic 5.3 - Classification and cladistics,subtopic 6.3 - Factors affecting rate,subtopic 5.5 - Photoelectric effect,subtopic 6.1 - System life cycle,subtopic 6.4 - Mitigation and adaptation,,,,subtopic 4.3 - Discrete random variables,,,subtopic 5.6 - Extended creative process (HL only),subtopic 5.5 - Sound design,,,,,,,
,,,,,,,,,,,,,,,,,,,,,,subtopic 5.6 - Crisis management and contingency planning,subtopic 6.2 - Cybersecurity and risks,,subtopic 6.2 - Physical processes in extreme environments,subtopic 5.1 - Purpose and limits of global governance,,,subtopic 7.1 - More advanced research design and analysis (HL only),subtopic 7.1 - More advanced ethnographic analysis (HL only),subtopic 7.1 - Religion and identity,,subtopic 5.4 - Speciation,subtopic 6.4 - Reaction mechanisms and catalysts,subtopic 5.6 - Wave-particle duality,subtopic 6.2 - Interactions between hardware and software,subtopic 6.5 - HL extension: deeper atmospheric modelling and policy analysis (HL only),,,,subtopic 4.4 - Binomial distribution,,,Topic 6 - Dance in practice,subtopic 5.6 - Production management,,,,,,,
,,,,,,,,,,,,,,,,,,,,,,Topic 6 - Business strategy,subtopic 6.3 - Regulation and governance,,subtopic 6.3 - Human use and adaptation,subtopic 5.2 - International organisations,,,subtopic 7.2 - Deeper evaluation of psychological theories (HL only),subtopic 7.2 - Deeper comparison of societies and cultures (HL only),subtopic 7.2 - Religion and ethics,,subtopic 5.5 - Biodiversity and conservation,subtopic 6.5 - Rate equations and order of reaction (HL only),subtopic 5.7 - Nuclear reactions and mass-energy equivalence (HL only),subtopic 6.3 - Utility software,Topic 7 - Human systems and resource use,,,,subtopic 4.5 - Normal distribution,,,subtopic 6.1 - Rehearsal and preparation,subtopic 5.7 - Extended practical film making (HL only),,,,,,,
,,,,,,,,,,,,,,,,,,,,,,subtopic 6.1 - Strategic objectives,subtopic 6.4 - Intellectual property and ownership,,subtopic 6.4 - Fragility and sustainability,subtopic 5.3 - Regional organisations,,,subtopic 7.3 - Extended essay-style argumentation (HL only),subtopic 7.3 - Extended anthropological argumentation (HL only),subtopic 7.3 - Religion and politics,,subtopic 5.6 - Cladogram interpretation and evolutionary theory (HL only),subtopic 6.6 - Integrated rate laws and half-life (HL only),subtopic 5.8 - More advanced quantum models and applications (HL only),subtopic 6.4 - Translation of code,subtopic 7.1 - Economic growth and development,,,,subtopic 4.6 - Sampling and data presentation,,,subtopic 6.2 - Safety and physical awareness,,,,,,,,
,,,,,,,,,,,,,,,,,,,,,,subtopic 6.2 - Growth and evolution,"subtopic 6.5 - Rights, responsibilities and the law",,subtopic 6.5 - Management and conservation,subtopic 5.4 - Non-governmental organisations,,,subtopic 7.4 - More complex application of studies and evidence (HL only),subtopic 7.4 - More complex use of theory and evidence (HL only),subtopic 7.4 - Religion and gender,,subtopic 5.7 - Detailed mechanisms of evolution (HL only),Topic 7 - Equilibrium,Topic 6 - Option topic,subtopic 6.5 - Networking and communication protocols,subtopic 7.2 - Global resource consumption,,,,subtopic 4.7 - Confidence intervals and hypothesis testing,,,subtopic 6.3 - Performing in context,,,,,,,,
,,,,,,,,,,,,,,,,,,,,,,subtopic 6.3 - Decision-making tools,subtopic 6.6 - Deeper analysis of governance and security frameworks (HL only),,subtopic 6.6 - Deeper evaluation of extreme environments (HL only),subtopic 5.5 - Multinational corporations,,,,,subtopic 7.5 - Religion and globalisation,,Topic 6 - Human physiology,subtopic 7.1 - Dynamic equilibrium,subtopic 6.1 - Engineering physics,subtopic 6.6 - HL depth in systems and architecture (HL only),subtopic 7.3 - Waste management,,,,subtopic 4.8 - Correlation and regression,,,subtopic 6.4 - Using feedback to improve,,,,,,,,
,,,,,,,,,,,,,,,,,,,,,,subtopic 6.4 - Analysis of strategic options,Topic 7 - Digital futures,,Topic 7 - Geophysical Hazards,subtopic 5.6 - Environmental governance,,,,,,,subtopic 6.1 - Digestion and absorption,subtopic 7.2 - Le Chatelier’s principle,subtopic 6.2 - Imaging,Topic 7 - System design,subtopic 7.4 - Energy use and transitions,,,,subtopic 4.9 - More advanced discrete distributions (HL only),,,subtopic 6.5 - Evaluating practice,,,,,,,,
,,,,,,,,,,,,,,,,,,,,,,subtopic 6.5 - Ethical objectives and corporate social responsibility,subtopic 7.1 - Emerging technologies,,subtopic 7.1 - Plate tectonics and hazard distribution,subtopic 5.7 - Economic governance,,,,,,,subtopic 6.2 - The blood system,subtopic 7.3 - Equilibrium constant,subtopic 6.3 - Astrophysics,subtopic 7.1 - Database design,subtopic 7.5 - HL extension: complex resource systems and trade-offs (HL only),,,,subtopic 4.10 - Continuous random variables (HL only),,,subtopic 6.6 - More advanced dance practice (HL only),,,,,,,,
,,,,,,,,,,,,,,,,,,,,,,subtopic 6.6 - External growth strategies (HL only),subtopic 7.2 - Artificial intelligence and automation,,"subtopic 7.2 - Earthquakes, volcanoes and tsunamis",subtopic 5.8 - HL depth: more critical evaluation of governance structures (HL only),,,,,,,subtopic 6.3 - Defence against infectious disease,subtopic 7.4 - Homogeneous and heterogeneous equilibrium,subtopic 6.4 - Relativity,subtopic 7.2 - Relational databases,Topic 8 - Research and analysis,,,,subtopic 4.11 - More advanced statistics and probability (HL only),,,,,,,,,,,
,,,,,,,,,,,,,,,,,,,,,,subtopic 6.7 - Portfolio analysis (HL only),subtopic 7.3 - Sustainability and technology,,"subtopic 7.3 - Risk, vulnerability and resilience",Topic 6 - Equality and inequality,,,,,,,subtopic 6.4 - Gas exchange,subtopic 7.5 - Calculations involving equilibrium constants (HL only),,subtopic 7.3 - Data modelling,subtopic 8.1 - Data collection and analysis,,,,Topic 5 - Calculus,,,,,,,,,,,
,,,,,,,,,,,,,,,,,,,,,,subtopic 6.8 - Decision tree analysis (HL only),subtopic 7.4 - Innovation and social impact,,subtopic 7.4 - Hazard management strategies,subtopic 6.1 - Equality and discrimination,,,,,,,"subtopic 6.5 - Nerves, muscles and movement",Topic 8 - Acids and bases,,subtopic 7.4 - User interface design,subtopic 8.2 - Research methods,,,,subtopic 5.1 - Limits and differentiation,,,,,,,,,,,
,,,,,,,,,,,,,,,,,,,,,,subtopic 6.9 - Ansoff matrix (HL only),subtopic 7.5 - Future scenarios and decision-making,,subtopic 7.5 - Disaster response and recovery,subtopic 6.2 - Gender politics,,,,,,,"subtopic 6.6 - Hormones, homeostasis and reproduction",subtopic 8.1 - Bronsted-Lowry acids and bases,,subtopic 7.5 - System evaluation,subtopic 8.3 - Case study application,,,,subtopic 5.2 - Applications of differentiation,,,,,,,,,,,
,,,,,,,,,,,,,,,,,,,,,,subtopic 6.10 - Change management (HL only),subtopic 7.6 - More advanced future-oriented evaluation and prediction (HL only),,subtopic 7.6 - More advanced hazard analysis and global risk (HL only),"subtopic 6.3 - Race, ethnicity and identity",,,,,,,subtopic 6.7 - Kidney and osmoregulation (HL only),subtopic 8.2 - pH and pOH,,subtopic 7.6 - More complex design and evaluation (HL only),subtopic 8.4 - Evaluation of environmental solutions,,,,subtopic 5.3 - Integration,,,,,,,,,,,
,,,,,,,,,,,,,,,,,,,,,,,,,"Topic 8 - Leisure, Tourism and Sport",subtopic 6.4 - Migration and refugees,,,,,,,"subtopic 6.8 - Reproduction, development and embryo stages (HL only)",subtopic 8.3 - Strong and weak acids and bases,,Topic 8 - Option topic,subtopic 8.5 - HL extension: more advanced inquiry and evaluation (HL only),,,,subtopic 5.4 - Applications of integration,,,,,,,,,,,
,,,,,,,,,,,,,,,,,,,,,,,,,subtopic 8.1 - Patterns and growth of tourism,subtopic 6.5 - Social and economic inequality,,,,,,,subtopic 6.9 - Immunity and pathogen control in greater depth (HL only),subtopic 8.4 - Buffer solutions,,subtopic 8.1 - Database systems,,,,,subtopic 5.5 - Differential equations,,,,,,,,,,,
,,,,,,,,,,,,,,,,,,,,,,,,,subtopic 8.2 - Impacts of tourism and sport,subtopic 6.6 - Intersectionality,,,,,,,Topic 7 - Option topic,subtopic 8.5 - Titration curves and indicators,,subtopic 8.2 - Web science,,,,,subtopic 5.6 - Kinematics,,,,,,,,,,,
,,,,,,,,,,,,,,,,,,,,,,,,,subtopic 8.3 - Sustainability in leisure and tourism,subtopic 6.7 - Representation and participation,,,,,,,subtopic 7.1 - Neurobiology and behaviour,subtopic 8.6 - Acid-base equilibria and pKa (HL only),,subtopic 8.3 - Object-oriented programming,,,,,subtopic 5.7 - More advanced calculus techniques (HL only),,,,,,,,,,,
,,,,,,,,,,,,,,,,,,,,,,,,,subtopic 8.4 - Planning and management of tourist areas,subtopic 6.8 - HL depth: more detailed comparison of equality issues (HL only),,,,,,,subtopic 7.2 - Biotechnology and bioinformatics,Topic 9 - Redox processes,,subtopic 8.4 - Multi-agent systems,,,,,subtopic 5.8 - Differential equations and advanced modelling (HL only),,,,,,,,,,,
,,,,,,,,,,,,,,,,,,,,,,,,,subtopic 8.5 - Global and local variations in leisure and sport,,,,,,,,subtopic 7.3 - Ecology and conservation,subtopic 9.1 - Oxidation and reduction,,subtopic 8.5 - HL-only extension for option content (HL only),,,,,subtopic 5.9 - More advanced calculus (HL only),,,,,,,,,,,
,,,,,,,,,,,,,,,,,,,,,,,,,subtopic 8.6 - More detailed evaluation of tourism and leisure systems (HL only),,,,,,,,subtopic 7.4 - Human physiology,subtopic 9.2 - Oxidation states,,,,,,,,,,,,,,,,,,
,,,,,,,,,,,,,,,,,,,,,,,,,Topic 9 - Food and Health,,,,,,,,,subtopic 9.3 - Electrochemical cells,,,,,,,,,,,,,,,,,,
,,,,,,,,,,,,,,,,,,,,,,,,,subtopic 9.1 - Food production and distribution,,,,,,,,,subtopic 9.4 - Electrolysis,,,,,,,,,,,,,,,,,,
,,,,,,,,,,,,,,,,,,,,,,,,,subtopic 9.2 - Food security and insecurity,,,,,,,,,subtopic 9.5 - Standard electrode potentials (HL only),,,,,,,,,,,,,,,,,,
,,,,,,,,,,,,,,,,,,,,,,,,,subtopic 9.3 - Nutrition and health outcomes,,,,,,,,,Topic 10 - Organic chemistry,,,,,,,,,,,,,,,,,,
,,,,,,,,,,,,,,,,,,,,,,,,,subtopic 9.4 - Global patterns of disease and wellbeing,,,,,,,,,subtopic 10.1 - Hydrocarbons,,,,,,,,,,,,,,,,,,
,,,,,,,,,,,,,,,,,,,,,,,,,subtopic 9.5 - Responses to food and health challenges,,,,,,,,,subtopic 10.2 - Functional groups,,,,,,,,,,,,,,,,,,
,,,,,,,,,,,,,,,,,,,,,,,,,subtopic 9.6 - Greater depth in food and health geography (HL only),,,,,,,,,subtopic 10.3 - Isomerism,,,,,,,,,,,,,,,,,,
,,,,,,,,,,,,,,,,,,,,,,,,,Topic 10 - Urban Environments,,,,,,,,,subtopic 10.4 - Reaction pathways,,,,,,,,,,,,,,,,,,
,,,,,,,,,,,,,,,,,,,,,,,,,subtopic 10.1 - Urbanisation and city growth,,,,,,,,,subtopic 10.5 - Mechanisms,,,,,,,,,,,,,,,,,,
,,,,,,,,,,,,,,,,,,,,,,,,,subtopic 10.2 - Urban structure and land use,,,,,,,,,subtopic 10.6 - Stereochemistry and spectroscopy (HL only),,,,,,,,,,,,,,,,,,
,,,,,,,,,,,,,,,,,,,,,,,,,subtopic 10.3 - Urban inequality and segregation,,,,,,,,,Topic 11 - Measurement and analysis,,,,,,,,,,,,,,,,,,
,,,,,,,,,,,,,,,,,,,,,,,,,subtopic 10.4 - Sustainable urban planning,,,,,,,,,subtopic 11.1 - Uncertainties and errors,,,,,,,,,,,,,,,,,,
,,,,,,,,,,,,,,,,,,,,,,,,,subtopic 10.5 - Challenges and opportunities in cities,,,,,,,,,subtopic 11.2 - Significant figures,,,,,,,,,,,,,,,,,,
,,,,,,,,,,,,,,,,,,,,,,,,,subtopic 10.6 - More advanced urban analysis and planning (HL only),,,,,,,,,subtopic 11.3 - Data processing and graphing,,,,,,,,,,,,,,,,,,
,,,,,,,,,,,,,,,,,,,,,,,,,Topic 11 - Global Interactions (HL only),,,,,,,,,subtopic 11.4 - Analytical techniques,,,,,,,,,,,,,,,,,,
,,,,,,,,,,,,,,,,,,,,,,,,,"subtopic 11.1 - Power, places and networks (HL only)",,,,,,,,,subtopic 11.5 - Chromatography and spectroscopy (HL only),,,,,,,,,,,,,,,,,,
,,,,,,,,,,,,,,,,,,,,,,,,,subtopic 11.2 - Human development and diversity (HL only),,,,,,,,,,,,,,,,,,,,,,,,,,,
,,,,,,,,,,,,,,,,,,,,,,,,,subtopic 11.3 - Global risks and resilience (HL only),,,,,,,,,,,,,,,,,,,,,,,,,,,
,,,,,,,,,,,,,,,,,,,,,,,,,"subtopic 11.4 - Global flows of people, money, information and goods (HL only)",,,,,,,,,,,,,,,,,,,,,,,,,,,
,,,,,,,,,,,,,,,,,,,,,,,,,"subtopic 11.5 - Globalisation, inequality and interdependence (HL only)",,,,,,,,,,,,,,,,,,,,,,,,,,,